element,blade,time,period,"currentHistoricQueryHigh","currentRealtimeQueryHigh","deliveryPointQueueLength","historicQueryDurationDeferredAvg","historicQueryDurationDeferredHigh","historicQueryDurationPausedAvg","historicQueryDurationPausedHigh","historicQueryDurationRunningAvg","historicQueryDurationRunningHigh","numOfHistoricQueryAccepted","numOfRealtimeQueryAccepted","numSrQueryStatusReq_Received","numSrQueryStatus_Sent","numberOfIsaServerQuery","numberofMediaCaptureQuery","numberofS1APQuery","numberofSpecSlicesQuery","numberofSrIdQuery","numberofVerifyQuery","pdusDelivered","queryDoesNotExist","queryDuplicateRequest","queryFilterGroupAverage","queryFilterGroupsHigh","queryFilterGroupsLow","queryInsufficientResource","queryInvalidQuery","queryReceivedStop","queryResultLimitReached","queryRunningHistoricAverage","queryRunningHistoricHigh","queryRunningHistoricLow","queryRunningOpenRecordAverage","queryRunningOpenRecordHigh","queryRunningOpenRecordLow","queryRunningRealTimeAverage","queryRunningRealTimeHigh","queryRunningRealTimeLow","querySearchCompleted","reachMaxOpenSrQueries","reachMaxRunningInitalSrQueriesDisk","reachMaxRunnningSrQueriesDisk","reachMaxRunnningSrQueriesDiskPerTraceSession","reachMaxSrQueries","reachMaxSrQueriesPerTraceSession","realtimeQueryDurationDeferredAvg","realtimeQueryDurationDeferredHigh","realtimeQueryDurationOpenRecordsAvg","realtimeQueryDurationOpenRecordsHigh","realtimeQueryDurationRunningAvg","realtimeQueryDurationRunningHigh","recordsByFilterPerSecond","recordsDeliveredPerSecond","tcpSendFailure","traceSessionClosed","traceSessionClosedDpProcDisabled","traceSessionClosedReceivedClose","traceSessionClosedShuttingDown","traceSessionClosedStorageNotConfigured","traceSessionClosedStorageNotResponding","traceSessionCreated","traceSessionDestroyed","traceSessionRejected","traceSessionRejectedDpProcDisabled","traceSessionRejectedInitInProgress","traceSessionRejectedSessionLimit","traceSessionRejectedStorageNotConfigured","traceSessionRejectedStorageNotResponding"
"DeliveryPoint",17,2014-06-13 01:15:00-0500,165394,0,0,0,-nan,0.000,-nan,0.000,-nan,0.000,0,0,0,0,0,0,0,0,0,0,0,0,0,-nan,0,18446744073709551615,0,0,0,0,-nan,0,18446744073709551615,-nan,0,18446744073709551615,-nan,0,18446744073709551615,0,0,0,0,0,0,0,-nan,0.000,-nan,0.000,-nan,0.000,0.000,0.000,0,0,0,0,0,0,0,0,0,0,0,0,0,0,0
"DeliveryPoint",17,2014-06-13 01:20:00-0500,299999,0,0,0,-nan,0.000,-nan,0.000,-nan,0.000,0,0,0,0,0,0,0,0,0,0,0,0,0,-nan,0,18446744073709551615,0,0,0,0,-nan,0,18446744073709551615,-nan,0,18446744073709551615,-nan,0,18446744073709551615,0,0,0,0,0,0,0,-nan,0.000,-nan,0.000,-nan,0.000,0.000,0.000,0,0,0,0,0,0,0,0,0,0,0,0,0,0,0
"DeliveryPoint",17,2014-06-13 01:25:00-0500,300000,0,0,0,-nan,0.000,-nan,0.000,-nan,0.000,0,0,0,0,0,0,0,0,0,0,0,0,0,-nan,0,18446744073709551615,0,0,0,0,-nan,0,18446744073709551615,-nan,0,18446744073709551615,-nan,0,18446744073709551615,0,0,0,0,0,0,0,-nan,0.000,-nan,0.000,-nan,0.000,0.000,0.000,0,0,0,0,0,0,0,0,0,0,0,0,0,0,0
"DeliveryPoint",17,2014-06-13 01:30:00-0500,299999,0,0,0,-nan,0.000,-nan,0.000,-nan,0.000,0,0,0,0,0,0,0,0,0,0,0,0,0,-nan,0,18446744073709551615,0,0,0,0,-nan,0,18446744073709551615,-nan,0,18446744073709551615,-nan,0,18446744073709551615,0,0,0,0,0,0,0,-nan,0.000,-nan,0.000,-nan,0.000,0.000,0.000,0,0,0,0,0,0,0,0,0,0,0,0,0,0,0
"DeliveryPoint",17,2014-06-13 01:35:00-0500,300001,0,0,0,-nan,0.000,-nan,0.000,-nan,0.000,0,0,0,0,0,0,0,0,0,0,0,0,0,-nan,0,18446744073709551615,0,0,0,0,-nan,0,18446744073709551615,-nan,0,18446744073709551615,-nan,0,18446744073709551615,0,0,0,0,0,0,0,-nan,0.000,-nan,0.000,-nan,0.000,0.000,0.000,0,0,0,0,0,0,0,0,0,0,0,0,0,0,0
"DeliveryPoint",17,2014-06-13 01:40:00-0500,300000,0,0,0,-nan,0.000,-nan,0.000,-nan,0.000,0,0,0,0,0,0,0,0,0,0,0,0,0,-nan,0,18446744073709551615,0,0,0,0,-nan,0,18446744073709551615,-nan,0,18446744073709551615,-nan,0,18446744073709551615,0,0,0,0,0,0,0,-nan,0.000,-nan,0.000,-nan,0.000,0.000,0.000,0,0,0,0,0,0,0,0,0,0,0,0,0,0,0
"DeliveryPoint",17,2014-06-13 01:45:00-0500,299999,0,0,0,-nan,0.000,-nan,0.000,-nan,0.000,0,0,0,0,0,0,0,0,0,0,0,0,0,-nan,0,18446744073709551615,0,0,0,0,-nan,0,18446744073709551615,-nan,0,18446744073709551615,-nan,0,18446744073709551615,0,0,0,0,0,0,0,-nan,0.000,-nan,0.000,-nan,0.000,0.000,0.000,0,0,0,0,0,0,0,0,0,0,0,0,0,0,0
"DeliveryPoint",17,2014-06-13 01:50:00-0500,299999,0,0,0,-nan,0.000,-nan,0.000,-nan,0.000,0,0,0,0,0,0,0,0,0,0,0,0,0,-nan,0,18446744073709551615,0,0,0,0,-nan,0,18446744073709551615,-nan,0,18446744073709551615,-nan,0,18446744073709551615,0,0,0,0,0,0,0,-nan,0.000,-nan,0.000,-nan,0.000,0.000,0.000,0,0,0,0,0,0,0,0,0,0,0,0,0,0,0
"DeliveryPoint",17,2014-06-13 01:55:00-0500,299999,0,0,0,-nan,0.000,-nan,0.000,-nan,0.000,0,0,0,0,0,0,0,0,0,0,0,0,0,-nan,0,18446744073709551615,0,0,0,0,-nan,0,18446744073709551615,-nan,0,18446744073709551615,-nan,0,18446744073709551615,0,0,0,0,0,0,0,-nan,0.000,-nan,0.000,-nan,0.000,0.000,0.000,0,0,0,0,0,0,0,0,0,0,0,0,0,0,0
"DeliveryPoint",17,2014-06-13 02:00:00-0500,300000,0,0,0,-nan,0.000,-nan,0.000,-nan,0.000,0,0,0,0,0,0,0,0,0,0,0,0,0,-nan,0,18446744073709551615,0,0,0,0,-nan,0,18446744073709551615,-nan,0,18446744073709551615,-nan,0,18446744073709551615,0,0,0,0,0,0,0,-nan,0.000,-nan,0.000,-nan,0.000,0.000,0.000,0,0,0,0,0,0,0,0,0,0,0,0,0,0,0
"DeliveryPoint",17,2014-06-13 02:05:00-0500,299999,0,0,0,-nan,0.000,-nan,0.000,-nan,0.000,0,0,0,0,0,0,0,0,0,0,0,0,0,-nan,0,18446744073709551615,0,0,0,0,-nan,0,18446744073709551615,-nan,0,18446744073709551615,-nan,0,18446744073709551615,0,0,0,0,0,0,0,-nan,0.000,-nan,0.000,-nan,0.000,0.000,0.000,0,0,0,0,0,0,0,0,0,0,0,0,0,0,0
"DeliveryPoint",17,2014-06-13 02:10:00-0500,300000,0,0,0,-nan,0.000,-nan,0.000,-nan,0.000,0,0,0,0,0,0,0,0,0,0,0,0,0,-nan,0,18446744073709551615,0,0,0,0,-nan,0,18446744073709551615,-nan,0,18446744073709551615,-nan,0,18446744073709551615,0,0,0,0,0,0,0,-nan,0.000,-nan,0.000,-nan,0.000,0.000,0.000,0,0,0,0,0,0,0,0,0,0,0,0,0,0,0
"DeliveryPoint",17,2014-06-13 02:15:00-0500,299999,0,0,0,-nan,0.000,-nan,0.000,-nan,0.000,0,0,0,0,0,0,0,0,0,0,0,0,0,-nan,0,18446744073709551615,0,0,0,0,-nan,0,18446744073709551615,-nan,0,18446744073709551615,-nan,0,18446744073709551615,0,0,0,0,0,0,0,-nan,0.000,-nan,0.000,-nan,0.000,0.000,0.000,0,0,0,0,0,0,0,0,0,0,0,0,0,0,0
"DeliveryPoint",17,2014-06-13 02:20:00-0500,300000,0,0,0,-nan,0.000,-nan,0.000,-nan,0.000,0,0,0,0,0,0,0,0,0,0,0,0,0,-nan,0,18446744073709551615,0,0,0,0,-nan,0,18446744073709551615,-nan,0,18446744073709551615,-nan,0,18446744073709551615,0,0,0,0,0,0,0,-nan,0.000,-nan,0.000,-nan,0.000,0.000,0.000,0,0,0,0,0,0,0,0,0,0,0,0,0,0,0
"DeliveryPoint",17,2014-06-13 02:25:00-0500,299999,0,0,0,-nan,0.000,-nan,0.000,-nan,0.000,0,0,0,0,0,0,0,0,0,0,0,0,0,-nan,0,18446744073709551615,0,0,0,0,-nan,0,18446744073709551615,-nan,0,18446744073709551615,-nan,0,18446744073709551615,0,0,0,0,0,0,0,-nan,0.000,-nan,0.000,-nan,0.000,0.000,0.000,0,0,0,0,0,0,0,0,0,0,0,0,0,0,0
"DeliveryPoint",17,2014-06-13 02:30:00-0500,299999,0,0,0,-nan,0.000,-nan,0.000,-nan,0.000,0,0,0,0,0,0,0,0,0,0,0,0,0,-nan,0,18446744073709551615,0,0,0,0,-nan,0,18446744073709551615,-nan,0,18446744073709551615,-nan,0,18446744073709551615,0,0,0,0,0,0,0,-nan,0.000,-nan,0.000,-nan,0.000,0.000,0.000,0,0,0,0,0,0,0,0,0,0,0,0,0,0,0
"DeliveryPoint",17,2014-06-13 02:35:00-0500,299999,0,0,0,-nan,0.000,-nan,0.000,-nan,0.000,0,0,0,0,0,0,0,0,0,0,0,0,0,-nan,0,18446744073709551615,0,0,0,0,-nan,0,18446744073709551615,-nan,0,18446744073709551615,-nan,0,18446744073709551615,0,0,0,0,0,0,0,-nan,0.000,-nan,0.000,-nan,0.000,0.000,0.000,0,0,0,0,0,0,0,0,0,0,0,0,0,0,0
"DeliveryPoint",17,2014-06-13 02:40:00-0500,299999,0,0,0,-nan,0.000,-nan,0.000,-nan,0.000,0,0,0,0,0,0,0,0,0,0,0,0,0,-nan,0,18446744073709551615,0,0,0,0,-nan,0,18446744073709551615,-nan,0,18446744073709551615,-nan,0,18446744073709551615,0,0,0,0,0,0,0,-nan,0.000,-nan,0.000,-nan,0.000,0.000,0.000,0,0,0,0,0,0,0,0,0,0,0,0,0,0,0
"DeliveryPoint",17,2014-06-13 02:45:00-0500,299999,0,0,0,-nan,0.000,-nan,0.000,-nan,0.000,0,0,0,0,0,0,0,0,0,0,0,0,0,-nan,0,18446744073709551615,0,0,0,0,-nan,0,18446744073709551615,-nan,0,18446744073709551615,-nan,0,18446744073709551615,0,0,0,0,0,0,0,-nan,0.000,-nan,0.000,-nan,0.000,0.000,0.000,0,0,0,0,0,0,0,0,0,0,0,0,0,0,0
"DeliveryPoint",17,2014-06-13 02:50:00-0500,300000,0,0,0,-nan,0.000,-nan,0.000,-nan,0.000,0,0,0,0,0,0,0,0,0,0,0,0,0,-nan,0,18446744073709551615,0,0,0,0,-nan,0,18446744073709551615,-nan,0,18446744073709551615,-nan,0,18446744073709551615,0,0,0,0,0,0,0,-nan,0.000,-nan,0.000,-nan,0.000,0.000,0.000,0,0,0,0,0,0,0,0,0,0,0,0,0,0,0
"DeliveryPoint",17,2014-06-13 02:55:00-0500,299998,0,0,0,-nan,0.000,-nan,0.000,-nan,0.000,0,0,0,0,0,0,0,0,0,0,0,0,0,-nan,0,18446744073709551615,0,0,0,0,-nan,0,18446744073709551615,-nan,0,18446744073709551615,-nan,0,18446744073709551615,0,0,0,0,0,0,0,-nan,0.000,-nan,0.000,-nan,0.000,0.000,0.000,0,0,0,0,0,0,0,0,0,0,0,0,0,0,0
"DeliveryPoint",17,2014-06-13 03:00:00-0500,300000,0,0,0,-nan,0.000,-nan,0.000,-nan,0.000,0,0,0,0,0,0,0,0,0,0,0,0,0,-nan,0,18446744073709551615,0,0,0,0,-nan,0,18446744073709551615,-nan,0,18446744073709551615,-nan,0,18446744073709551615,0,0,0,0,0,0,0,-nan,0.000,-nan,0.000,-nan,0.000,0.000,0.000,0,0,0,0,0,0,0,0,0,0,0,0,0,0,0
"DeliveryPoint",17,2014-06-13 03:05:00-0500,300000,0,0,0,-nan,0.000,-nan,0.000,-nan,0.000,0,0,0,0,0,0,0,0,0,0,0,0,0,-nan,0,18446744073709551615,0,0,0,0,-nan,0,18446744073709551615,-nan,0,18446744073709551615,-nan,0,18446744073709551615,0,0,0,0,0,0,0,-nan,0.000,-nan,0.000,-nan,0.000,0.000,0.000,0,0,0,0,0,0,0,0,0,0,0,0,0,0,0
"DeliveryPoint",17,2014-06-13 03:10:00-0500,300000,0,0,0,-nan,0.000,-nan,0.000,-nan,0.000,0,0,0,0,0,0,0,0,0,0,0,0,0,-nan,0,18446744073709551615,0,0,0,0,-nan,0,18446744073709551615,-nan,0,18446744073709551615,-nan,0,18446744073709551615,0,0,0,0,0,0,0,-nan,0.000,-nan,0.000,-nan,0.000,0.000,0.000,0,0,0,0,0,0,0,0,0,0,0,0,0,0,0
"DeliveryPoint",17,2014-06-13 03:15:00-0500,299999,0,0,0,-nan,0.000,-nan,0.000,-nan,0.000,0,0,0,0,0,0,0,0,0,0,0,0,0,-nan,0,18446744073709551615,0,0,0,0,-nan,0,18446744073709551615,-nan,0,18446744073709551615,-nan,0,18446744073709551615,0,0,0,0,0,0,0,-nan,0.000,-nan,0.000,-nan,0.000,0.000,0.000,0,0,0,0,0,0,0,0,0,0,0,0,0,0,0
"DeliveryPoint",17,2014-06-13 03:20:00-0500,300000,0,0,0,-nan,0.000,-nan,0.000,-nan,0.000,0,0,0,0,0,0,0,0,0,0,0,0,0,-nan,0,18446744073709551615,0,0,0,0,-nan,0,18446744073709551615,-nan,0,18446744073709551615,-nan,0,18446744073709551615,0,0,0,0,0,0,0,-nan,0.000,-nan,0.000,-nan,0.000,0.000,0.000,0,0,0,0,0,0,0,0,0,0,0,0,0,0,0
"DeliveryPoint",17,2014-06-13 03:25:00-0500,299999,0,0,0,-nan,0.000,-nan,0.000,-nan,0.000,0,0,0,0,0,0,0,0,0,0,0,0,0,-nan,0,18446744073709551615,0,0,0,0,-nan,0,18446744073709551615,-nan,0,18446744073709551615,-nan,0,18446744073709551615,0,0,0,0,0,0,0,-nan,0.000,-nan,0.000,-nan,0.000,0.000,0.000,0,0,0,0,0,0,0,0,0,0,0,0,0,0,0
"DeliveryPoint",17,2014-06-13 03:30:00-0500,300000,0,0,0,-nan,0.000,-nan,0.000,-nan,0.000,0,0,0,0,0,0,0,0,0,0,0,0,0,-nan,0,18446744073709551615,0,0,0,0,-nan,0,18446744073709551615,-nan,0,18446744073709551615,-nan,0,18446744073709551615,0,0,0,0,0,0,0,-nan,0.000,-nan,0.000,-nan,0.000,0.000,0.000,0,0,0,0,0,0,0,0,0,0,0,0,0,0,0
"DeliveryPoint",17,2014-06-13 03:35:00-0500,300000,0,0,0,-nan,0.000,-nan,0.000,-nan,0.000,0,0,0,0,0,0,0,0,0,0,0,0,0,-nan,0,18446744073709551615,0,0,0,0,-nan,0,18446744073709551615,-nan,0,18446744073709551615,-nan,0,18446744073709551615,0,0,0,0,0,0,0,-nan,0.000,-nan,0.000,-nan,0.000,0.000,0.000,0,0,0,0,0,0,0,0,0,0,0,0,0,0,0
"DeliveryPoint",17,2014-06-13 03:40:00-0500,299999,0,0,0,-nan,0.000,-nan,0.000,-nan,0.000,0,0,0,0,0,0,0,0,0,0,0,0,0,-nan,0,18446744073709551615,0,0,0,0,-nan,0,18446744073709551615,-nan,0,18446744073709551615,-nan,0,18446744073709551615,0,0,0,0,0,0,0,-nan,0.000,-nan,0.000,-nan,0.000,0.000,0.000,0,0,0,0,0,0,0,0,0,0,0,0,0,0,0
"DeliveryPoint",17,2014-06-13 03:45:00-0500,299999,0,0,0,-nan,0.000,-nan,0.000,-nan,0.000,0,0,0,0,0,0,0,0,0,0,0,0,0,-nan,0,18446744073709551615,0,0,0,0,-nan,0,18446744073709551615,-nan,0,18446744073709551615,-nan,0,18446744073709551615,0,0,0,0,0,0,0,-nan,0.000,-nan,0.000,-nan,0.000,0.000,0.000,0,0,0,0,0,0,0,0,0,0,0,0,0,0,0
