element,blade,time,period,"protocolAlerts"
"sigtranUnexpectedContinue-1-2-1",18,2014-06-13 01:10:00-0500,42644,0
"sigtranUnexpectedContinue-1-2-1",18,2014-06-13 01:15:00-0500,300002,0
"sigtranUnexpectedContinue-1-2-1",18,2014-06-13 01:20:00-0500,300000,0
"sigtranUnexpectedContinue-1-2-1",18,2014-06-13 01:25:00-0500,299997,0
"sigtranUnexpectedContinue-1-2-1",18,2014-06-13 01:30:00-0500,300002,0
"sigtranUnexpectedContinue-1-2-1",18,2014-06-13 01:35:00-0500,299999,0
"sigtranUnexpectedContinue-1-2-1",18,2014-06-13 01:40:00-0500,299990,0
"sigtranUnexpectedContinue-1-2-1",18,2014-06-13 01:45:00-0500,300017,0
"sigtranUnexpectedContinue-1-2-1",18,2014-06-13 01:50:00-0500,299999,0
"sigtranUnexpectedContinue-1-2-1",18,2014-06-13 01:55:00-0500,299992,0
"sigtranUnexpectedContinue-1-2-1",18,2014-06-13 02:00:00-0500,299999,0
"sigtranUnexpectedContinue-1-2-1",18,2014-06-13 02:05:00-0500,300000,0
"sigtranUnexpectedContinue-1-2-1",18,2014-06-13 02:10:00-0500,299999,0
"sigtranUnexpectedContinue-1-2-1",18,2014-06-13 02:15:00-0500,299997,0
"sigtranUnexpectedContinue-1-2-1",18,2014-06-13 02:20:00-0500,300002,0
"sigtranUnexpectedContinue-1-2-1",18,2014-06-13 02:25:00-0500,300000,0
"sigtranUnexpectedContinue-1-2-1",18,2014-06-13 02:30:00-0500,300000,0
"sigtranUnexpectedContinue-1-2-1",18,2014-06-13 02:35:00-0500,299998,0
"sigtranUnexpectedContinue-1-2-1",18,2014-06-13 02:40:00-0500,300010,0
"sigtranUnexpectedContinue-1-2-1",18,2014-06-13 02:45:00-0500,299988,0
"sigtranUnexpectedContinue-1-2-1",18,2014-06-13 02:50:00-0500,300002,0
"sigtranUnexpectedContinue-1-2-1",18,2014-06-13 02:55:00-0500,299999,0
"sigtranUnexpectedContinue-1-2-1",18,2014-06-13 03:00:00-0500,299999,0
"sigtranUnexpectedContinue-1-2-1",18,2014-06-13 03:05:00-0500,300000,0
"sigtranUnexpectedContinue-1-2-1",18,2014-06-13 03:10:00-0500,299992,0
"sigtranUnexpectedContinue-1-2-1",18,2014-06-13 03:15:00-0500,300007,0
"sigtranUnexpectedContinue-1-2-1",18,2014-06-13 03:20:00-0500,299997,0
"sigtranUnexpectedContinue-1-2-1",18,2014-06-13 03:25:00-0500,300002,0
"sigtranUnexpectedContinue-1-2-1",18,2014-06-13 03:30:00-0500,300000,0
"sigtranUnexpectedContinue-1-2-1",18,2014-06-13 03:35:00-0500,299999,0
"sigtranUnexpectedContinue-1-2-1",18,2014-06-13 03:40:00-0500,299999,0
"sigtranUnexpectedContinue-1-2-1",18,2014-06-13 03:45:00-0500,299999,0
